title,address,description,state,token,url
نصب بازی PS4 & PS5 اکانتی دائمی با ضمانت قفل نشدن,در نیروی هوایی (پیروزی),"۵,۰۰۰,۰۰۰ تومان",,gaLhtIEc,https://divar.ir/v/نصب بازی PS4 & PS5 اکانتی دائمی با ضمانت قفل نشدن/gaLhtIEc
نصب بازی ps4 و ps5 (در کمترین زمان ممکن),در نیروی هوایی (پیروزی),"۱,۰۰۰ تومان",نو,gaIdPvdU,https://divar.ir/v/نصب بازی ps4 و ps5 (در کمترین زمان ممکن)/gaIdPvdU
ps4سی دی بازی,دقایقی پیش در هروی,"۳,۵۰۰,۰۰۰ تومان",در حد نو,gaQ9tf4n,https://divar.ir/v/ps4سی دی بازی/gaQ9tf4n
ps4 در محل شما نصب گیم,در پونک,"۷۰۰,۰۰۰ تومان",نو,QaS70-A2,https://divar.ir/v/ps4 در محل شما نصب گیم/QaS70-A2
PS4 slim  1T دو دسته اصلی,دقایقی پیش در گلستان (شهرک راه آهن),"۴۷,۰۰۰,۰۰۰ تومان",نو,gaQ9tZX3,https://divar.ir/v/PS4 slim  1T دو دسته اصلی/gaQ9tZX3
کیف ps5 نو نو بدون کوچیکترین لکه و ضربه ای,دقایقی پیش در مولوی,"۱,۰۰۰ تومان",نو,gaQ99RXE,https://divar.ir/v/کیف ps5 نو نو بدون کوچیکترین لکه و ضربه ای/gaQ99RXE
فروش پی اس,در منیریه,"۶۵,۰۰۰,۰۰۰ تومان",نو,gaP1oQRR,https://divar.ir/v/فروش پی اس/gaP1oQRR
اکانت ای فوتبال(پی اس) موبایل,دقایقی پیش در نصرت,"۸۰۰,۰۰۰ تومان",,gaQ99Ll4,https://divar.ir/v/اکانت ای فوتبال(پی اس) موبایل/gaQ99Ll4
دیسک بازی dragons dogma برای ps5,دقایقی پیش در بهجت‌آباد,"۶,۰۰۰,۰۰۰ تومان",در حد نو,gaQ5Nz2a,https://divar.ir/v/دیسک بازی dragons dogma برای ps5/gaQ5Nz2a
نصب بازیxbox1/sایکسباکس،ق بازاری,در تهرانپارس شرقی,"۱,۳۵۰,۰۰۰ تومان",در حد نو,gaQ5dA3O,https://divar.ir/v/نصب بازیxbox1/sایکسباکس،ق بازاری/gaQ5dA3O
کنسول بازی PS5 /ویژه بازنشستگان / اقساط,در باغ فیض,"۱۰,۰۰۰,۰۰۰ تومان",نو,gaoYEPZB,https://divar.ir/v/کنسول بازی PS5 /ویژه بازنشستگان / اقساط/gaoYEPZB
Ps4 Pro کپی خور /پی اس فور پرو,در نازی‌آباد,"۵۵,۹۰۰,۰۰۰ تومان",در حد نو,gaJBCf-u,https://divar.ir/v/Ps4 Pro کپی خور /پی اس فور پرو/gaJBCf-u
خریدار وفروش Xbox 360 پلی فور پلی فایو ps3,در عباس‌آباد,"۲۰,۰۰۰,۰۰۰ تومان",کارکرده,AaFEU1n2,https://divar.ir/v/خریدار وفروش Xbox 360 پلی فور پلی فایو ps3/AaFEU1n2
سی دی سونیک ماشینی.,دقایقی پیش در تهرانسر شرقی,"۲,۰۰۰,۰۰۰ تومان",در حد نو,gaQ1dIpt,https://divar.ir/v/سی دی سونیک ماشینی./gaQ1dIpt
فول پک slim 1T  دو دسته اصلی کپی خور,دقایقی پیش در سنائی,"۴۸,۰۰۰,۰۰۰ تومان",در حد نو,gaQ1dC23,https://divar.ir/v/فول پک slim 1T  دو دسته اصلی کپی خور/gaQ1dC23
ps4 slim,در جوادیه تهرانپارس,"۴۳,۵۰۰,۰۰۰ تومان",در حد نو,gaPdO2_A,https://divar.ir/v/ps4 slim/gaPdO2_A
اکانته ای فوتبال پلی استیشن ۴ یا ۵,دقایقی پیش در ایرانشهر,"۱۰,۰۰۰ تومان",,gaQxdMWa,https://divar.ir/v/اکانته ای فوتبال پلی استیشن ۴ یا ۵/gaQxdMWa
اکانت بازی دیجیتال5 forza قابلنصب بر ps4 و xbox,در نارمک,"۱۵۰,۰۰۰ تومان",نو,AaGRLWO1,https://divar.ir/v/اکانت بازی دیجیتال5 forza قابلنصب بر ps4 و xbox/AaGRLWO1
ps4 pro 1tra,یک ربع پیش در شهرک غرب,"۵۷,۵۰۰,۰۰۰ تومان",در حد نو,gaQNtUY1,https://divar.ir/v/ps4 pro 1tra/gaQNtUY1
Ps2,یک ربع پیش در وردآورد,"۵,۰۰۰,۰۰۰ تومان",کارکرده,gaQtd_Pk,https://divar.ir/v/Ps2/gaQtd_Pk
فروش وخریدار انواع پلی استیشن پی اس ps4 و ps5,در ابوذر,"۱۱۵,۰۰۰,۰۰۰ تومان",نو,gaCsuOEQ,https://divar.ir/v/فروش وخریدار انواع پلی استیشن پی اس ps4 و ps5/gaCsuOEQ
PS4 کنسول,یک ربع پیش در تختی,"۳۶,۰۰۰,۰۰۰ تومان",در حد نو,gaQttfUb,https://divar.ir/v/PS4 کنسول/gaQttfUb
ps4 1 T,در ازگل,"۴۷,۰۰۰,۰۰۰ تومان",در حد نو,gaBBXKqG,https://divar.ir/v/ps4 1 T/gaBBXKqG
دیتا بازی4 قابلنصب بر PS5,در هروی,"۱,۲۰۰,۰۰۰ تومان",نو,AaFjVCKG,https://divar.ir/v/دیتا بازی4 قابلنصب بر PS5/AaFjVCKG
دستگاه Ps4فرمان وگاز,یک ربع پیش در دانشگاه شریف,"۱۲,۰۰۰,۰۰۰ تومان",در حد نو,gaQpt6dB,https://divar.ir/v/دستگاه Ps4فرمان وگاز/gaQpt6dB
در حد نو دو دسته اکانت قانونی ریجن اروپاPS4 PRO 1T,در پاسداران,"۴۳,۵۰۰,۰۰۰ تومان",در حد نو,gaLh78Q4,https://divar.ir/v/در حد نو دو دسته اکانت قانونی ریجن اروپاPS4 PRO 1T/gaLh78Q4
3 عنوان بازی ps5,یک ربع پیش در کاشانک,"۹,۰۰۰,۰۰۰ تومان",در حد نو,gaQp9LcJ,https://divar.ir/v/3 عنوان بازی ps5/gaQp9LcJ
فروشنده و خریدار ps4 ps5 پلی استیشن (حتی در محل ),در تهرانپارس جنوبی,"۸۰,۰۰۰,۰۰۰ تومان",در حد نو,gaZU15Qp,https://divar.ir/v/فروشنده و خریدار ps4 ps5 پلی استیشن (حتی در محل )/gaZU15Qp
دسته اصلی ps4,یک ربع پیش در بوستان ولایت,"۴,۲۰۰,۰۰۰ تومان",در حد نو,gaQlN5rQ,https://divar.ir/v/دسته اصلی ps4/gaQlN5rQ
بازی PS4 و PS5,در حصار بوعلی,"۱۳,۰۰۰,۰۰۰ تومان",نو,gaDlppe1,https://divar.ir/v/بازی PS4 و PS5/gaDlppe1
پلی۲سونیps.ایکس۴باکسps5.وانsاسxboxسریslimنصب بازی,در مسعودیه,"۱۰,۰۰۰ تومان",نو,Qab4wMRO,https://divar.ir/v/پلی۲سونیps.ایکس۴باکسps5.وانsاسxboxسریslimنصب بازی/Qab4wMRO
اسلیم 500 با جعبه، لوازم، سیدی فیفا,در سلسبیل شمالی,"۳۵,۰۰۰,۰۰۰ تومان",در حد نو,gaJEkfKT,https://divar.ir/v/اسلیم 500 با جعبه، لوازم، سیدی فیفا/gaJEkfKT
دیسک ps5 call of duty cold war,یک ربع پیش در گرگان,"۴,۶۰۰,۰۰۰ تومان",در حد نو,gaQlNEdh,https://divar.ir/v/دیسک ps5 call of duty cold war/gaQlNEdh
نصب بازی کپی خور اکانتی و قانونی ps4 و ps5 در محل,در فردوسی,"۲,۵۰۰,۰۰۰ تومان",نو,gavAqABd,https://divar.ir/v/نصب بازی کپی خور اکانتی و قانونی ps4 و ps5 در محل/gavAqABd
دیسک بازی Farcry6 برای PS5,یک ربع پیش در عباس‌آباد,"۴,۰۰۰,۰۰۰ تومان",در حد نو,gaQht63V,https://divar.ir/v/دیسک بازی Farcry6 برای PS5/gaQht63V
PS4پلی استیشن 4 اسلیم 1 ترا دو دسته,در سلسبیل شمالی,"۵۰,۰۰۰,۰۰۰ تومان",نو,QaKme-n9,https://divar.ir/v/PS4پلی استیشن 4 اسلیم 1 ترا دو دسته/QaKme-n9
دیسک بازی pes 2017,نیم ساعت پیش در جوادیه,"۱,۴۵۰,۰۰۰ تومان",نو,gaQhNrR4,https://divar.ir/v/دیسک بازی pes 2017/gaQhNrR4
فروش گلدان پلی اتیلن نشکن / فایبر دو جداره,در گلستان (شهرک راه آهن),"۲,۱۰۰,۰۰۰ تومان",نو,gaQhtoHe,https://divar.ir/v/فروش گلدان پلی اتیلن نشکن / فایبر دو جداره/gaQhtoHe
Ps4 1t slim,نیم ساعت پیش در حصارک,"۳۶,۰۰۰,۰۰۰ تومان",در حد نو,gaQhtl74,https://divar.ir/v/Ps4 1t slim/gaQhtl74
فروش پلی 4کنسول ps5 اسلیم نو بازی نصبشده,در نارمک,"۱۵,۰۰۰,۰۰۰ تومان",نو,Aaq7BZf1,https://divar.ir/v/فروش پلی 4کنسول ps5 اسلیم نو بازی نصبشده/Aaq7BZf1
پلی استیشن پرو دو دسته,در سلسبیل شمالی,"۵۵,۰۰۰,۰۰۰ تومان",نو,gZpneghP,https://divar.ir/v/پلی استیشن پرو دو دسته/gZpneghP
پلی استیشن4 دودسته با 25بازی 2026,در سلسبیل شمالی,"۳۸,۰۰۰,۰۰۰ تومان",نو,gZf8_fAP,https://divar.ir/v/پلی استیشن4 دودسته با 25بازی 2026/gZf8_fAP
خرید دستگاه یو پی اس ups خریدار باطری داغی خراب,در پاسداران,"۴,۵۰۰,۰۰۰ تومان",نیازمند تعمیر,gaygWCyP,https://divar.ir/v/خرید دستگاه یو پی اس ups خریدار باطری داغی خراب/gaygWCyP
کرایه/رنت پی اس فایوps5اجارهps4,در تهرانپارس شرقی,"۲۵۰,۰۰۰ تومان",در حد نو,Aa0vxI7Z,https://divar.ir/v/کرایه/رنت پی اس فایوps5اجارهps4/Aa0vxI7Z
کپی خورکردن پی اس فورps4درکمترین زمان ممکن,در تهرانپارس شرقی,"۴۵۰,۰۰۰ تومان",نو,Aa0TuDkg,https://divar.ir/v/کپی خورکردن پی اس فورps4درکمترین زمان ممکن/Aa0TuDkg
Sps اسپیسر,در جنت‌آباد مرکزی,"۱,۵۸۰,۰۰۰ تومان",نو,Aaq7pFlF,https://divar.ir/v/Sps اسپیسر/Aaq7pFlF
نصب کپیخوربازی کنسول پی اس۵تاورژن12.00فایو جدید,در تهرانپارس شرقی,"۲,۸۵۰,۰۰۰ تومان",در حد نو,gaio6MsA,https://divar.ir/v/نصب کپیخوربازی کنسول پی اس۵تاورژن12.00فایو جدید/gaio6MsA
دیسک بازی ps4 ( آکبند ) قابل اجرا در ps5,در جنت‌آباد مرکزی,"۱,۰۰۰ تومان",نو,gaIli1Hd,https://divar.ir/v/دیسک بازی ps4 ( آکبند ) قابل اجرا در ps5/gaIli1Hd
ک نصب بازی کپیخور PS4  و PS5 در محل,در تهرانپارس شرقی,"۲۰۰,۰۰۰ تومان",نو,ga186dOB,https://divar.ir/v/ک نصب بازی کپیخور PS4  و PS5 در محل/ga186dOB
اکانت نصببازی ps5 قانونی و هکیHACKII آنلاین XBOX 4,در نیروی هوایی (پیروزی),"۲۵۰,۰۰۰ تومان",نو,gaH5gW0W,https://divar.ir/v/اکانت نصببازی ps5 قانونی و هکیHACKII آنلاین XBOX 4/gaH5gW0W
پلی۴ درحد اکبند ۲دسته اکانتی ۱۳ بازیps4 Fat 500,در شهرک فردوس (حسینی),"۳۳,۵۰۰,۰۰۰ تومان",در حد نو,gaMdseNN,https://divar.ir/v/پلی۴ درحد اکبند ۲دسته اکانتی ۱۳ بازیps4 Fat 500/gaMdseNN
فروش وخریدار انواع کنسول پلستیشن پی اس PS4 و PS5,در ابوذر,"۱۵۰,۰۰۰,۰۰۰ تومان",نو,Qa97KI3l,https://divar.ir/v/فروش وخریدار انواع کنسول پلستیشن پی اس PS4 و PS5/Qa97KI3l
مجسمه پلی استر,نیم ساعت پیش در صادقیه,"۵,۰۰۰,۰۰۰ تومان",در حد نو,gaQZNks2,https://divar.ir/v/مجسمه پلی استر/gaQZNks2
فقط ازکارتن بازشده دودسته آک 250بازی2026 ps4 slim,در چیتگر جنوبی,"۳۹,۵۰۰,۰۰۰ تومان",در حد نو,gaIlaLpT,https://divar.ir/v/فقط ازکارتن بازشده دودسته آک 250بازی2026 ps4 slim/gaIlaLpT
سگا۲دسته۴xفت۵sنصب۳oneفورxboxبازیps1فایوVR360پلیpro,در مسعودیه,"۱,۰۰۰ تومان",نو,QaP0lxMD,https://divar.ir/v/سگا۲دسته۴xفت۵sنصب۳oneفورxboxبازیps1فایوVR360پلیpro/QaP0lxMD
پلی۱)دسته۵کپی۵خور۲فلش3vrفور۴usbفایوproنصبfatبازیCD,در والفجر (افسریه),"۱,۰۰۰ تومان",نو,QaPMp1VC,https://divar.ir/v/پلی۱)دسته۵کپی۵خور۲فلش3vrفور۴usbفایوproنصبfatبازیCD/QaPMp1VC
پلی ۱ TWO2)فور۴پروFATنصبCDبازی۳دسته۵pcدیسکps1میکرو,در افسریه جنوبی,"۱۰,۰۰۰ تومان",نو,QaDTPeAB,https://divar.ir/v/پلی ۱ TWO2)فور۴پروFATنصبCDبازی۳دسته۵pcدیسکps1میکرو/QaDTPeAB
ps4pro 4k 1T,در مخصوص,"۵۳,۰۰۰,۰۰۰ تومان",در حد نو,gaJR2ddB,https://divar.ir/v/ps4pro 4k 1T/gaJR2ddB
کارت کپچر و پلی بک Blackmagic Intensity Pro 4K,نیم ساعت پیش در ایران,"۵۰,۰۰۰,۰۰۰ تومان",در حد نو,gaQVteYP,https://divar.ir/v/کارت کپچر و پلی بک Blackmagic Intensity Pro 4K/gaQVteYP
خریدار و فروش ps5 پلی استیشن 5 در محل خودتان,در فردوسی,"۱,۰۰۰ تومان",کارکرده,gaPd-ySp,https://divar.ir/v/خریدار و فروش ps5 پلی استیشن 5 در محل خودتان/gaPd-ySp
فوم پلی اتیلن موجود در بازار بزرگ تهران,در پامنار,"۵۰۰,۰۰۰ تومان",نو,ga_sINM2,https://divar.ir/v/فوم پلی اتیلن موجود در بازار بزرگ تهران/ga_sINM2
خریدار و فروش ps4 پلی استیشن 4 در محل خودتان,در فردوسی,"۱,۰۰۰ تومان",کارکرده,gaPdexzz,https://divar.ir/v/خریدار و فروش ps4 پلی استیشن 4 در محل خودتان/gaPdexzz
هدفون razer پلی استیشن,نیم ساعت پیش در جنت‌آباد جنوبی,"۸,۰۰۰,۰۰۰ تومان",نو,gaQVtQBg,https://divar.ir/v/هدفون razer پلی استیشن/gaQVtQBg
خریدار و فروش ps3 پلی استیشن 3 حتی بدون جعبه,در فردوسی,"۱,۰۰۰ تومان",کارکرده,gaPdOwm_,https://divar.ir/v/خریدار و فروش ps3 پلی استیشن 3 حتی بدون جعبه/gaPdOwm_
بازی Last of us 2 لست ۲ ps5,نیم ساعت پیش در راه آهن,"۴,۲۰۰,۰۰۰ تومان",در حد نو,gaQVNLvi,https://divar.ir/v/بازی Last of us 2 لست ۲ ps5/gaQVNLvi
کپیخور و نصب بازی PS5 تا۱۲.۷۰ در محل بدون حجم کاذب,در سلسبیل شمالی,"۱۰۰,۰۰۰ تومان",کارکرده,ga3ELMXa,https://divar.ir/v/کپیخور و نصب بازی PS5 تا۱۲.۷۰ در محل بدون حجم کاذب/ga3ELMXa
ps4یک ترابایت پرو,نیم ساعت پیش در نارمک جنوبی,"۶۰,۰۰۰,۰۰۰ تومان",در حد نو,gaQR9gTy,https://divar.ir/v/ps4یک ترابایت پرو/gaQR9gTy
بازی رزیدنت اویل رکوئیم Resident Evil Requiem PS5,در نعمت‌آباد,"۸,۵۰۰,۰۰۰ تومان",در حد نو,gaPlOzUQ,https://divar.ir/v/بازی رزیدنت اویل رکوئیم Resident Evil Requiem PS5/gaPlOzUQ
یک ترابایتps4 slim,نیم ساعت پیش در آبشار تهران (دریاچه),"۵۲,۰۰۰,۰۰۰ تومان",در حد نو,gaQR9SFB,https://divar.ir/v/یک ترابایتps4 slim/gaQR9SFB
ps5 slim اسلیم دو دسته,نیم ساعت پیش در یافت آباد جنوبی,"۱۱۵,۰۰۰,۰۰۰ تومان",در حد نو,gaQRtSvb,https://divar.ir/v/ps5 slim اسلیم دو دسته/gaQRtSvb
جی پی اس,نیم ساعت پیش در شهرک رضویه,"۱,۰۰۰ تومان",در حد نو,gaQRtFj0,https://divar.ir/v/جی پی اس/gaQRtFj0
اتصالات پلی اتیلن سایز ۴۰ و ۳۲ و ۲۰,نیم ساعت پیش در اباذر,"۲,۵۰۰,۰۰۰ تومان",نو,gaQNd64y,https://divar.ir/v/اتصالات پلی اتیلن سایز ۴۰ و ۳۲ و ۲۰/gaQNd64y
بازی PS4 فوری,نیم ساعت پیش در جوانمردان (اندیشه),"۶۰,۰۰۰ تومان",در حد نو,gaQNNvwh,https://divar.ir/v/بازی PS4 فوری/gaQNNvwh
ps4 pro 1tra,نیم ساعت پیش در شهرک غرب,"۵۷,۵۰۰,۰۰۰ تومان",در حد نو,gaQNduAl,https://divar.ir/v/ps4 pro 1tra/gaQNduAl
PS4 fat500,نیم ساعت پیش در سعادت‌آباد,"۳۵,۰۰۰,۰۰۰ تومان",در حد نو,gaQN9rNq,https://divar.ir/v/PS4 fat500/gaQN9rNq
بازی پلیس بزرگراه HIGHWAY POLICE PS5,در شهرک نفت,"۴,۸۰۰,۰۰۰ تومان",در حد نو,gaLNpNzV,https://divar.ir/v/بازی پلیس بزرگراه HIGHWAY POLICE PS5/gaLNpNzV
vrپلی۱فور۲فایو۳پی۴ویتا5اس فت نصب بازی فلشخور شده,در نیروی هوایی (پیروزی),"۳,۰۰۰ تومان",نو,AaDGl7CE,https://divar.ir/v/vrپلی۱فور۲فایو۳پی۴ویتا5اس فت نصب بازی فلشخور شده/AaDGl7CE
لیفان KPS250/موتورسیکت لیفان KPS250/لیفان250,نیم ساعت پیش در علم و صنعت,"۶۰۹,۰۰۰,۰۰۰ تومان",,gaQNNUUX,https://divar.ir/v/لیفان KPS250/موتورسیکت لیفان KPS250/لیفان250/gaQNNUUX
نصاب.سقف حیاط خلوت پاسیوپارکینگ پلی کربنات ایرانیت,در شهید رجایی,,,gZgis8ES,https://divar.ir/v/نصاب.سقف حیاط خلوت پاسیوپارکینگ پلی کربنات ایرانیت/gZgis8ES
نصب بازی اکانتی ps5 تضمینی دائمی,در لویزان,"۶,۰۰۰,۰۰۰ تومان",,gaH966QV,https://divar.ir/v/نصب بازی اکانتی ps5 تضمینی دائمی/gaH966QV
قانونی اختصاصی بازی نصبشده اکانت پلاس با ضمانت,در تهرانپارس شرقی,"۲,۲۰۰,۰۰۰ تومان",نو,gaO5BYB_,https://divar.ir/v/قانونی اختصاصی بازی نصبشده اکانت پلاس با ضمانت/gaO5BYB_
آرشیو کامل بازی نصاب کپیخورps4وps5بازیرنویس,در تهرانپارس شرقی,"۱۰,۰۰۰,۰۰۰ تومان",نو,gaeo-fjM,https://divar.ir/v/آرشیو کامل بازی نصاب کپیخورps4وps5بازیرنویس/gaeo-fjM
بازی Ps5/ PRAGMATA,نیم ساعت پیش در یاخجی آباد,"۹,۰۰۰,۰۰۰ تومان",نو,gaQJ9_8R,https://divar.ir/v/بازی Ps5/ PRAGMATA/gaQJ9_8R
بازی FC 24 PS4,نیم ساعت پیش در کوی بیمه,"۱,۶۰۰,۰۰۰ تومان",در حد نو,gaQJ94G9,https://divar.ir/v/بازی FC 24 PS4/gaQJ94G9
خریدار و معاوضه انواع پلی استیشن PS5/XBOX درب منزل,در سهروردی,"۱۰۵,۰۰۰,۰۰۰ تومان",در حد نو,gaOR6-5u,https://divar.ir/v/خریدار و معاوضه انواع پلی استیشن PS5/XBOX درب منزل/gaOR6-5u
پلی کربنات فایبرگلاس یونولیت پشم سنگ کارتن پلاست,در نارمک جنوبی,"۱۰۰,۰۰۰ تومان",نو,gaMIkxSw,https://divar.ir/v/پلی کربنات فایبرگلاس یونولیت پشم سنگ کارتن پلاست/gaMIkxSw
خرید پلی استیشن با کالاپی،این کالانو میباشد,در هاشم‌آباد,"۲۰۰,۰۰۰,۰۰۰ تومان",نو,gaNoJ9IA,https://divar.ir/v/خرید پلی استیشن با کالاپی،این کالانو میباشد/gaNoJ9IA
نصب بازی Ps5 کپی خور تا ورژن 12.70 سه سال سابقه,در نازی‌آباد,"۲,۵۰۰,۰۰۰ تومان",نو,QaWoPjgA,https://divar.ir/v/نصب بازی Ps5 کپی خور تا ورژن 12.70 سه سال سابقه/QaWoPjgA
سونی پروPS4 PRO کپی خور کیف پایه شارژ مشابه اکبند,در چیتگر جنوبی,"۵۲,۵۰۰,۰۰۰ تومان",در حد نو,gaPdKiO4,https://divar.ir/v/سونی پروPS4 PRO کپی خور کیف پایه شارژ مشابه اکبند/gaPdKiO4
پیانو دایناتون کره DPS-95 رزودن RHA,در جمهوری,"۲۱۰,۰۰۰,۰۰۰ تومان",نو,QZ39iUTJ,https://divar.ir/v/پیانو دایناتون کره DPS-95 رزودن RHA/QZ39iUTJ
بازی pragmata ps5,۱ ساعت پیش در سردارجنگل,"۸,۵۰۰,۰۰۰ تومان",در حد نو,gaQFtaJu,https://divar.ir/v/بازی pragmata ps5/gaQFtaJu
کاور دسته کیف حمل لوازم جانبی نصب بازی Ps5 Ps4,در نیروی هوایی (پیروزی),"۵۵۰,۰۰۰ تومان",نو,gaLYTcMe,https://divar.ir/v/کاور دسته کیف حمل لوازم جانبی نصب بازی Ps5 Ps4/gaLYTcMe
نصب بازی پلی استیشن PS4&PS5 قانونی بدون باز شدن,در نیروی هوایی (پیروزی),"۵۰۰,۰۰۰ تومان",نو,AaFUQ2Wt,https://divar.ir/v/نصب بازی پلی استیشن PS4&PS5 قانونی بدون باز شدن/AaFUQ2Wt
دسته Ps4 Highcopy اکبند درجه یک بهترین کیفیت بازار,در نیروی هوایی (پیروزی),"۲,۵۰۰,۰۰۰ تومان",نو,QawReOxR,https://divar.ir/v/دسته Ps4 Highcopy اکبند درجه یک بهترین کیفیت بازار/QawReOxR
پلی استیشن2,۱ ساعت پیش در استقلال,"۶,۰۰۰,۰۰۰ تومان",در حد نو,gaQB9WGX,https://divar.ir/v/پلی استیشن2/gaQB9WGX
ps5 slim 1tb drive اکبند دو دسته فول گیم,در آذری,"۱۱۶,۰۰۰,۰۰۰ تومان",در حد نو,gaMlwxN7,https://divar.ir/v/ps5 slim 1tb drive اکبند دو دسته فول گیم/gaMlwxN7
داگلps4 کپی خور,۱ ساعت پیش در شهرک ولیعصر شمالی,"۸۰۰,۰۰۰ تومان",نو,gaQBNJE5,https://divar.ir/v/داگلps4 کپی خور/gaQBNJE5
Ps 4 pro در حد نو,۱ ساعت پیش در شهرک نفت,"۴۸,۵۰۰,۰۰۰ تومان",در حد نو,gaQB9FLC,https://divar.ir/v/Ps 4 pro در حد نو/gaQB9FLC
PS4,۱ ساعت پیش در شکوفه (عبدل آباد),"۴۹,۰۰۰,۰۰۰ تومان",در حد نو,gaQ987N9,https://divar.ir/v/PS4/gaQ987N9
فروشنده وخریدار‌ انواع پلی استیشن پی اس PS4 و PS5,در ابوذر,"۱۲۵,۰۰۰,۰۰۰ تومان",نو,gaAw6qyT,https://divar.ir/v/فروشنده وخریدار‌ انواع پلی استیشن پی اس PS4 و PS5/gaAw6qyT
اکانت عالی مخصوص پلی,۱ ساعت پیش در زعفرانیه,"۱۲,۰۰۰,۰۰۰ تومان",,gaQ9cZP0,https://divar.ir/v/اکانت عالی مخصوص پلی/gaQ9cZP0
PS4 Slim پک  کامل دو دسته اورجینال همراه بازی,۱ ساعت پیش در شهرک شهید رجایی (کوی نوبنیاد),"۴۸,۰۰۰,۰۰۰ تومان",در حد نو,gaQ98S35,https://divar.ir/v/PS4 Slim پک  کامل دو دسته اورجینال همراه بازی/gaQ98S35
ps5  fat digital+دسته اضافه و ۷ بازی,۱ ساعت پیش در خلیج فارس,"۱۰۰,۰۰۰,۰۰۰ تومان",در حد نو,gaQ9sOKX,https://divar.ir/v/ps5  fat digital+دسته اضافه و ۷ بازی/gaQ9sOKX
سایبر پانک کالکشن اصلی,۱ ساعت پیش در تهرانسر شرقی,"۲,۶۰۰,۰۰۰ تومان",در حد نو,gaQ9cIZu,https://divar.ir/v/سایبر پانک کالکشن اصلی/gaQ9cIZu
نصب بازی ps4.ps5,در مسعودیه,"۱۰۰,۰۰۰ تومان",نو,Qa0Brx9R,https://divar.ir/v/نصب بازی ps4.ps5/Qa0Brx9R
خرید فروش ps5 4 xbox series x.s نصب بازی,در نارمک,"۲۰,۰۰۰,۰۰۰ تومان",نو,gaNk7V0Q,https://divar.ir/v/خرید فروش ps5 4 xbox series x.s نصب بازی/gaNk7V0Q
Ps4 slim 1tb,۱ ساعت پیش در فردوس,"۴۲,۰۰۰,۰۰۰ تومان",در حد نو,gaQ584dx,https://divar.ir/v/Ps4 slim 1tb/gaQ584dx
یک عدد تشک خوشخواب دو نفره رویال با کفی پلی‌اتیلنی,در شهرک نفت,"۶,۸۵۰,۰۰۰ تومان",در حد نو,gaD9Itbp,https://divar.ir/v/یک عدد تشک خوشخواب دو نفره رویال با کفی پلی‌اتیلنی/gaD9Itbp
انواع بازی های انحصاری ps5 روی گوشی و کامپیوتر,۱ ساعت پیش در شهرک محلاتی,"۵۰,۰۰۰ تومان",نو,gaQ5Mug1,https://divar.ir/v/انواع بازی های انحصاری ps5 روی گوشی و کامپیوتر/gaQ5Mug1
Ps5 slim/pro از دم قسط/بدون پیش پرداخت بازنشستگان,در پونک,"۱,۰۰۰,۰۰۰ تومان",نو,QaevHzhp,https://divar.ir/v/Ps5 slim/pro از دم قسط/بدون پیش پرداخت بازنشستگان/QaevHzhp
دیسک بازی Elden Ring Ps5,۱ ساعت پیش در پاسداران,"۵,۰۰۰,۰۰۰ تومان",در حد نو,gaQ58npc,https://divar.ir/v/دیسک بازی Elden Ring Ps5/gaQ58npc
تمیز ترین ps4 دیوار فت 1 ترا استثنایی,۱ ساعت پیش در مینابی,"۴۲,۹۰۰,۰۰۰ تومان",نو,gaQ5cR9R,https://divar.ir/v/تمیز ترین ps4 دیوار فت 1 ترا استثنایی/gaQ5cR9R
خریدار و فروشنده پلی استیشن ps4 ps5 (حضوری میایم),در فدک,"۸۰,۰۰۰,۰۰۰ تومان",کارکرده,gad84QZI,https://divar.ir/v/خریدار و فروشنده پلی استیشن ps4 ps5 (حضوری میایم)/gad84QZI
ps4 slim*کپیخور+ بیست بازی آکبند استفاده نکردیم نو,در چیتگر جنوبی,"۴۲,۵۰۰,۰۰۰ تومان",نو,gaNJBCDi,https://divar.ir/v/ps4 slim*کپیخور+ بیست بازی آکبند استفاده نکردیم نو/gaNJBCDi
دیسک بازی ps5,در کیانشهر,"۵,۰۰۰,۰۰۰ تومان",نو,gaRs0-Em,https://divar.ir/v/دیسک بازی ps5/gaRs0-Em
نصب بازی کپی خور ps5 ps4 آپدیت ۱۳.۰۰و۱۲.۴۰ باکیفیت,در ابوذر,"۱۵۰,۰۰۰ تومان",نو,gaRk5tb4,https://divar.ir/v/نصب بازی کپی خور ps5 ps4 آپدیت ۱۳.۰۰و۱۲.۴۰ باکیفیت/gaRk5tb4
نصب بازی کپی خور ps4 و ps5 در محل/منزل شما بدون نت,در صادقیه,"۱۰۰,۰۰۰ تومان",نو,gaANlHBM,https://divar.ir/v/نصب بازی کپی خور ps4 و ps5 در محل/منزل شما بدون نت/gaANlHBM
بازی فورزا ۵ظرفیت دو (ps5) گارانتی مادام العمر,۱ ساعت پیش در اکباتان,"۲,۰۰۰,۰۰۰ تومان",نو,gaQ1ckSV,https://divar.ir/v/بازی فورزا ۵ظرفیت دو (ps5) گارانتی مادام العمر/gaQ1ckSV
ps4 fat کپی‌خور دو دسته سفید  لوازم کامل,۱ ساعت پیش در شارق,"۴۱,۰۰۰,۰۰۰ تومان",در حد نو,gaQ5MLyv,https://divar.ir/v/ps4 fat کپی‌خور دو دسته سفید  لوازم کامل/gaQ5MLyv
قلتک روکش لاستیک و پلی یورتان,در شهرک غرب,"۲۵۰,۰۰۰,۰۰۰ تومان",نو,ga0ADatO,https://divar.ir/v/قلتک روکش لاستیک و پلی یورتان/ga0ADatO
دستگاه تخلیه بشکه چسب و پلی یورتان,در سعادت‌آباد,"۴۵۰,۰۰۰,۰۰۰ تومان",نو,gaGcgrC3,https://divar.ir/v/دستگاه تخلیه بشکه چسب و پلی یورتان/gaGcgrC3
کنسول ps4 اسلیم کپی خور ۵۰۰ گیگ,۱ ساعت پیش در هاشمی,"۴۲,۵۰۰,۰۰۰ تومان",در حد نو,gaQ1M0Zx,https://divar.ir/v/کنسول ps4 اسلیم کپی خور ۵۰۰ گیگ/gaQ1M0Zx
فروش دستگاه ps4pro,۱ ساعت پیش در شهرری,"۵۲,۰۰۰,۰۰۰ تومان",در حد نو,gaQ1cqWz,https://divar.ir/v/فروش دستگاه ps4pro/gaQ1cqWz
پلی استیشن 4 اسلیم1ترا  ( ps4 slim)فول بازی,در پونک,"۴۳,۰۰۰,۰۰۰ تومان",در حد نو,QadX_XMn,https://divar.ir/v/پلی استیشن 4 اسلیم1ترا  ( ps4 slim)فول بازی/QadX_XMn
پلی استیشن کنسول بازی فور فایو ایکس باکس,۱ ساعت پیش در توحید,"۱۰۰,۰۰۰ تومان",نو,gaQ18XMh,https://divar.ir/v/پلی استیشن کنسول بازی فور فایو ایکس باکس/gaQ18XMh
فروش PS5 اسلیم SLIM پلمپ (پلی استیشن 5),در پونک,"۹۰,۰۰۰,۰۰۰ تومان",نو,gZoZERiH,https://divar.ir/v/فروش PS5 اسلیم SLIM پلمپ (پلی استیشن 5)/gZoZERiH
ps 5 slim دیسک خور یک ترابایت,در آبشار تهران (دریاچه),"۱۲۰,۰۰۰,۰۰۰ تومان",نو,gaq4WHPP,https://divar.ir/v/ps 5 slim دیسک خور یک ترابایت/gaq4WHPP
sony اسلیم فت خریدار دستگاه ps5پی اس فورفایو,در تهرانپارس شرقی,"۳۸,۰۰۰,۰۰۰ تومان",در حد نو,Qa3zT5s2,https://divar.ir/v/sony اسلیم فت خریدار دستگاه ps5پی اس فورفایو/Qa3zT5s2
لوپ کار Loop car اصل پلی فکتوری,۱ ساعت پیش در درکه,"۶,۰۰۰,۰۰۰ تومان",در حد نو,gaQxMtHr,https://divar.ir/v/لوپ کار Loop car اصل پلی فکتوری/gaQxMtHr
نصب بازی کنسول پلی استیشن PS4 PS5 /خدمات/تعمیرات,در هاشم‌آباد (شهرری),"۷۰,۰۰۰ تومان",کارکرده,QaXzpEPp,https://divar.ir/v/نصب بازی کنسول پلی استیشن PS4 PS5 /خدمات/تعمیرات/QaXzpEPp
تعمیرات دسته پلی استیشن ps4 نصب بازی Ps5 ایکس باکس,۱ ساعت پیش در نیروی هوایی (پیروزی),"۲۵۰,۰۰۰ تومان",نو,gaQx8D3o,https://divar.ir/v/تعمیرات دسته پلی استیشن ps4 نصب بازی Ps5 ایکس باکس/gaQx8D3o
کنسول بازی پی اس فور,۱ ساعت پیش در زعفرانیه,"۴۷,۰۰۰,۰۰۰ تومان",در حد نو,gaQx8F7B,https://divar.ir/v/کنسول بازی پی اس فور/gaQx8F7B
خریدار فروش انواع ps4 ps5/ایکس باکس xbox,در نارمک,"۸۰,۰۰۰,۰۰۰ تومان",کارکرده,gaoshlVh,https://divar.ir/v/خریدار فروش انواع ps4 ps5/ایکس باکس xbox/gaoshlVh
پی اس ۴,۱ ساعت پیش در فاطمی,"۴۸,۰۰۰,۰۰۰ تومان",در حد نو,gaQxMC14,https://divar.ir/v/پی اس ۴/gaQxMC14
نصب بازی Ps5 کپی خور تا ورژن ۱۲.۷۰ در ۲ ساعت,در سلسبیل شمالی,"۴۰۰,۰۰۰ تومان",نو,gaM1O0wN,https://divar.ir/v/نصب بازی Ps5 کپی خور تا ورژن ۱۲.۷۰ در ۲ ساعت/gaM1O0wN
نصب بازیهای PS5 PS4 تحویل فوری,در سلسبیل شمالی,"۱۰۰,۰۰۰ تومان",نو,gayMFbuR,https://divar.ir/v/نصب بازیهای PS5 PS4 تحویل فوری/gayMFbuR
نصب بازی PS5 کپی خور تا 12.70 تحویل ۲ ساعته,در سلسبیل شمالی,"۴۰۰,۰۰۰ تومان",نو,Qa9Y5KpK,https://divar.ir/v/نصب بازی PS5 کپی خور تا 12.70 تحویل ۲ ساعته/Qa9Y5KpK
بازی ps5,۱ ساعت پیش در سهروردی,"۱۱۰,۰۰۰,۰۰۰ تومان",در حد نو,gaQtMgZg,https://divar.ir/v/بازی ps5/gaQtMgZg
مولتی پلیر دونفره اسپیلیت فیکشن بازی PS5 نصب 2026,در هروی,"۱۵۰,۰۰۰ تومان",نو,QauUrE_e,https://divar.ir/v/مولتی پلیر دونفره اسپیلیت فیکشن بازی PS5 نصب 2026/QauUrE_e
تعمیر دسته ps5 - تعمیر دسته ps4 - دسته پلی استیشن,در دکتر هوشیار,"۳۵۰,۰۰۰ تومان",نیازمند تعمیر,AaULhrBD,https://divar.ir/v/تعمیر دسته ps5 - تعمیر دسته ps4 - دسته پلی استیشن/AaULhrBD
gta v ps5,۱ ساعت پیش در بیسیم,"۵,۰۰۰,۰۰۰ تومان",در حد نو,gaQtsXPi,https://divar.ir/v/gta v ps5/gaQtsXPi
پلی استیشن ۱,۱ ساعت پیش در شهرک شریفی,"۲,۵۰۰,۰۰۰ تومان",در حد نو,gaQtMWeL,https://divar.ir/v/پلی استیشن ۱/gaQtMWeL
PS4 SLIME 500g کپی خور دو دسته اسلیم,در آرژانتین,"۳۷,۵۰۰,۰۰۰ تومان",در حد نو,gaK9KQ_U,https://divar.ir/v/PS4 SLIME 500g کپی خور دو دسته اسلیم/gaK9KQ_U
کپی خورps4 slim 1t  دو دسته اصلی,۱ ساعت پیش در صاحب الزمان,"۵۲,۰۰۰,۰۰۰ تومان",در حد نو,gaQtcIq3,https://divar.ir/v/کپی خورps4 slim 1t  دو دسته اصلی/gaQtcIq3
کپی خور تخصصی PS4 و PS5 و نصب بازی,در دکتر هوشیار,"۱,۰۰۰ تومان",نو,Qac7ZScz,https://divar.ir/v/کپی خور تخصصی PS4 و PS5 و نصب بازی/Qac7ZScz
کپی خور تخصصی ps5 وps4 و نصب بازی تحویل فوری,در صادقیه,"۳,۸۰۰,۰۰۰ تومان",نو,ga6UT9q0,https://divar.ir/v/کپی خور تخصصی ps5 وps4 و نصب بازی تحویل فوری/ga6UT9q0
PS5,۱ ساعت پیش در لویزان,"۹۳,۰۰۰,۰۰۰ تومان",در حد نو,gaQp8xT2,https://divar.ir/v/PS5/gaQp8xT2
ps5slim (دیجیتال),۱ ساعت پیش در شهید اسدی,"۹۵,۰۰۰,۰۰۰ تومان",نو,gaQpsnth,https://divar.ir/v/ps5slim (دیجیتال)/gaQpsnth
فروش پلاس برای پلی استیشن 4/5,در ونک,"۸,۴۰۰,۰۰۰ تومان",,ganEProc,https://divar.ir/v/فروش پلاس برای پلی استیشن 4/5/ganEProc
رزیدنت اویل ۵ ps4,۱ ساعت پیش در وحیدیه,"۳,۷۰۰,۰۰۰ تومان",کارکرده,gaQlsnga,https://divar.ir/v/رزیدنت اویل ۵ ps4/gaQlsnga
ps4 1tra,در بنی‌هاشم,"۴۱,۰۰۰,۰۰۰ تومان",در حد نو,gaANQdL4,https://divar.ir/v/ps4 1tra/gaANQdL4
فرمان بازی DOYO به همراه پدال (PC، PS4، Xbox One),۱ ساعت پیش در فرمانیه,"۹,۰۰۰,۰۰۰ تومان",نو,gaQpcEA-,https://divar.ir/v/فرمان بازی DOYO به همراه پدال (PC، PS4، Xbox One)/gaQpcEA-
فروش و تعویض کارکرده PS4 کپیXBOX 5 فلشی+ نصب بازی,در نیروی هوایی (پیروزی),"۳۵,۰۰۰,۰۰۰ تومان",در حد نو,gaHlgcwW,https://divar.ir/v/فروش و تعویض کارکرده PS4 کپیXBOX 5 فلشی+ نصب بازی/gaHlgcwW
پلی استیشن ۳,۱ ساعت پیش در نیروی هوایی (پیروزی),"۳۵,۰۰۰,۰۰۰ تومان",در حد نو,gaQlMul_,https://divar.ir/v/پلی استیشن ۳/gaQlMul_
فروش خریدار پلی فور ps4  ایکس‌باکس۳۶۰ پلی استیشن,در میرداماد,"۳۳,۰۰۰,۰۰۰ تومان",کارکرده,AaDMMZSJ,https://divar.ir/v/فروش خریدار پلی فور ps4  ایکس‌باکس۳۶۰ پلی استیشن/AaDMMZSJ
فروش و خرید انوا نخ زیگزال و پلی استر کارکرده و نو,در فاطمی,"۳۰۰,۰۰۰ تومان",کارکرده,gag81tQX,https://divar.ir/v/فروش و خرید انوا نخ زیگزال و پلی استر کارکرده و نو/gag81tQX
یک عدد دستگاه PS5,۱ ساعت پیش در دکتر هوشیار,"۱۳۵,۰۰۰,۰۰۰ تومان",در حد نو,gaQl8hzA,https://divar.ir/v/یک عدد دستگاه PS5/gaQl8hzA
دسته آبی PS5,۱ ساعت پیش در هروی,"۸,۸۰۰,۰۰۰ تومان",در حد نو,gaQlcVK5,https://divar.ir/v/دسته آبی PS5/gaQlcVK5
بازی Ps5,۱ ساعت پیش در چیذر,"۱,۰۰۰ تومان",در حد نو,gaQlMdQT,https://divar.ir/v/بازی Ps5/gaQlMdQT
نصب بازی اکانتی و هکی و ps4و ps5سرویس رایگان,در مسعودیه,"۱۰۰,۰۰۰ تومان",در حد نو,galc1irw,https://divar.ir/v/نصب بازی اکانتی و هکی و ps4و ps5سرویس رایگان/galc1irw
نصب انواع بازی کنسول های مختلف ps2 ps4 ps5 Xbox,در تهرانسر مرکزی,"۱۰,۰۰۰ تومان",نو,gaAELAT-,https://divar.ir/v/نصب انواع بازی کنسول های مختلف ps2 ps4 ps5 Xbox/gaAELAT-
تعمیرات و سرویس تخصصی کنسول ps4و ps5 وتعمیر دسته,در مسعودیه,"۵۰,۰۰۰ تومان",نیازمند تعمیر,ga9EyzCI,https://divar.ir/v/تعمیرات و سرویس تخصصی کنسول ps4و ps5 وتعمیر دسته/ga9EyzCI
لوله پلی اتیلن  10بار16بار,در شادآباد,"۱,۰۰۰ تومان",نو,QamXiy8d,https://divar.ir/v/لوله پلی اتیلن  10بار16بار/QamXiy8d
دسته بازی اصلی‌Xbox/4/Ps5سرشوکی/استیکر قابلنصب+کپی,در هروی,"۹,۰۰۰,۰۰۰ تومان",نو,Qa_a5K5-,https://divar.ir/v/دسته بازی اصلی‌Xbox/4/Ps5سرشوکی/استیکر قابلنصب+کپی/Qa_a5K5-
خریدار وفروشنده کنسول ایکس باکس سری اسXbox PS4 ps5,در فدک,"۱۰۰,۰۰۰,۰۰۰ تومان",کارکرده,Qae_jnM-,https://divar.ir/v/خریدار وفروشنده کنسول ایکس باکس سری اسXbox PS4 ps5/Qae_jnM-
دسته ps 4,۱ ساعت پیش در جوادیه تهرانپارس,"۴,۲۵۰,۰۰۰ تومان",در حد نو,gaQds5CI,https://divar.ir/v/دسته ps 4/gaQds5CI
پلی‌استیشن 5 (PS5),۱ ساعت پیش در سنائی,"۸۵,۰۰۰,۰۰۰ تومان",در حد نو,gaQdcyMQ,https://divar.ir/v/پلی‌استیشن 5 (PS5)/gaQdcyMQ
Ps4 slim 1 tra,در پردیسان,"۵۵,۰۰۰,۰۰۰ تومان",در حد نو,gaEN_4dS,https://divar.ir/v/Ps4 slim 1 tra/gaEN_4dS
فروش و خریدار انواع پلی استیشن پی اس PS4 و PS5,در ابوذر,"۹۰,۰۰۰,۰۰۰ تومان",نو,gaiQytss,https://divar.ir/v/فروش و خریدار انواع پلی استیشن پی اس PS4 و PS5/gaiQytss
خریداروفروش ps5 ps4 xbox در تمامی نقاط تهران,در صادقیه,"۸۵,۰۰۰,۰۰۰ تومان",نو,Aa6759VK,https://divar.ir/v/خریداروفروش ps5 ps4 xbox در تمامی نقاط تهران/Aa6759VK
فروش معاوضه کرایه اجاره تعویض دیسک سی دی بازی PS5,در شکیبا,"۵۰۰,۰۰۰ تومان",کارکرده,ga5ElWPe,https://divar.ir/v/فروش معاوضه کرایه اجاره تعویض دیسک سی دی بازی PS5/ga5ElWPe
ساروس saros بازی کپی خورکردن نصب بازیps4ps5,در تهرانپارس شرقی,"۸۰۰,۰۰۰ تومان",نو,gaLt479p,https://divar.ir/v/ساروس saros بازی کپی خورکردن نصب بازیps4ps5/gaLt479p
نصب بازی ایکس باکس پلی استیشن Xbox PS4 PS5,در صادقیه,"۲,۵۰۰,۰۰۰ تومان",نو,gabYP_vC,https://divar.ir/v/نصب بازی ایکس باکس پلی استیشن Xbox PS4 PS5/gabYP_vC
دیسک red dead 2 برای ps4 درحد نو,لحظاتی پیش در اکباتان,"۳,۲۹۹,۰۰۰ تومان",در حد نو,gaQFeP3T,https://divar.ir/v/دیسک red dead 2 برای ps4 درحد نو/gaQFeP3T
پی آس فور پرو,لحظاتی پیش در خزانه,"۶۵,۰۰۰,۰۰۰ تومان",نو,gaQFuNku,https://divar.ir/v/پی آس فور پرو/gaQFuNku
محافظ وروکش دسته ps4ps5خریدار پی اسفورفایو,در تهرانپارس شرقی,"۶۰,۰۰۰,۰۰۰ تومان",در حد نو,Qa6ZYwce,https://divar.ir/v/محافظ وروکش دسته ps4ps5خریدار پی اسفورفایو/Qa6ZYwce
fat slim poro ps4 خریداروفروش,در تهرانپارس شرقی,"۳۰,۰۰۰,۰۰۰ تومان",در حد نو,gaAoKjcr,https://divar.ir/v/fat slim poro ps4 خریداروفروش/gaAoKjcr
تعمیرات کنسول و دسته پی اس فایو فورps4ps5,در تهرانپارس شرقی,"۵۰۰,۰۰۰ تومان",نو,gaLpL2ab,https://divar.ir/v/تعمیرات کنسول و دسته پی اس فایو فورps4ps5/gaLpL2ab
بازی پی ای 4 PS4,دقایقی پیش در استاد معین,"۳,۰۰۰,۰۰۰ تومان",کارکرده,gaQBuxWR,https://divar.ir/v/بازی پی ای 4 PS4/gaQBuxWR
فروش وخریدار انواع پلی استیشن پی اس ps4 و ps5,در ابوذر,"۱۰۵,۰۰۰,۰۰۰ تومان",نو,gaioKqj1,https://divar.ir/v/فروش وخریدار انواع پلی استیشن پی اس ps4 و ps5/gaioKqj1
فروش بازی Nioh 3 steelbook ps5,دقایقی پیش در نیروی هوایی (پیروزی),"۸,۰۰۰,۰۰۰ تومان",در حد نو,gaQBeOR9,https://divar.ir/v/فروش بازی Nioh 3 steelbook ps5/gaQBeOR9
ps4 slim 1Tb,در مرزداران,"۴۵,۰۰۰,۰۰۰ تومان",کارکرده,ga8o6oT5,https://divar.ir/v/ps4 slim 1Tb/ga8o6oT5
پلی2فلش رایگان بخر(سمت گیم استیک چین نرو3)۵فور4ps1,در والفجر (افسریه),"۱,۰۰۰ تومان",نو,gaOJc9_8,https://divar.ir/v/پلی2فلش رایگان بخر(سمت گیم استیک چین نرو3)۵فور4ps1/gaOJc9_8
ps4 slim 1t,دقایقی پیش در شهرک طالقانی,"۴۸,۰۰۰,۰۰۰ تومان",در حد نو,gaQV-nGS,https://divar.ir/v/ps4 slim 1t/gaQV-nGS
پلی استیشن ۱,دقایقی پیش در صد دستگاه,"۱,۵۰۰,۰۰۰ تومان",کارکرده,gaQVuLvL,https://divar.ir/v/پلی استیشن ۱/gaQVuLvL
ps4 slim 1 tra,یک ربع پیش در علم و صنعت,"۴۰,۰۰۰,۰۰۰ تومان",کارکرده,gaQFut2t,https://divar.ir/v/ps4 slim 1 tra/gaQFut2t
last of us1 gran turismo vr,۱ ساعت پیش در یاخجی آباد,"۱,۸۷۰,۰۰۰ تومان",در حد نو,gaQNtD8A,https://divar.ir/v/last of us1 gran turismo vr/gaQNtD8A
PSP Go,۲ ساعت پیش در ایران,"۱۶,۵۰۰,۰۰۰ تومان",در حد نو,gaQtMEaB,https://divar.ir/v/PSP Go/gaQtMEaB
دو دسته دستگاه نو میباشدPs4 fat 1Tb,در نصرت,"۳۴,۰۰۰,۰۰۰ تومان",در حد نو,gaQZxRK1,https://divar.ir/v/دو دسته دستگاه نو میباشدPs4 fat 1Tb/gaQZxRK1
بازی قابلنصب ایکس باکس XBOX ONE X S سری اس وان,در نارمک,"۱,۰۰۰,۰۰۰ تومان",نو,Qa1HPIsD,https://divar.ir/v/بازی قابلنصب ایکس باکس XBOX ONE X S سری اس وان/Qa1HPIsD
ps4 slim 1t دو دسته اصلی,در نارمک جنوبی,"۴۰,۰۰۰,۰۰۰ تومان",در حد نو,garM9kUn,https://divar.ir/v/ps4 slim 1t دو دسته اصلی/garM9kUn
نصبps5 بازی کنسول xbox s x one seri وان سری ps4,در افسریه شمالی,"۵۰۰,۰۰۰ تومان",,QZ-Cw8qT,https://divar.ir/v/نصبps5 بازی کنسول xbox s x one seri وان سری ps4/QZ-Cw8qT
پلی SLIM4فور2دسته ۱ترا فول بازی کپیخور نصبps5 xbox,در هروی,"۵,۰۰۰,۰۰۰ تومان",نو,gamAswv2,https://divar.ir/v/پلی SLIM4فور2دسته ۱ترا فول بازی کپیخور نصبps5 xbox/gamAswv2
پخش انواع دسته پلی استیشن4 2 Ps3 ps1 سگا)پلی فور,در مسعودیه,"۱,۰۰۰ تومان",نو,QazXKPSy,https://divar.ir/v/پخش انواع دسته پلی استیشن4 2 Ps3 ps1 سگا)پلی فور/QazXKPSy
دیسکCDپلی استیشن ۱ ۲)سیدیps1بازیusbگیمvrفلشzنصبpsp,در مسعودیه,"۴۰,۰۰۰ تومان",نو,Qa7-rxOm,https://divar.ir/v/دیسکCDپلی استیشن ۱ ۲)سیدیps1بازیusbگیمvrفلشzنصبpsp/Qa7-rxOm
فروشنده خریدار Ps4 ایکس باکس وان پلی استیشن ۴,در جردن,"۲۲,۰۰۰,۰۰۰ تومان",کارکرده,Aaxj-ztR,https://divar.ir/v/فروشنده خریدار Ps4 ایکس باکس وان پلی استیشن ۴/Aaxj-ztR
هدفون Baseus go play 1 max,۴ ساعت پیش در مرزداران,"۳,۲۰۰,۰۰۰ تومان",نو,gaQhKrmb,https://divar.ir/v/هدفون Baseus go play 1 max/gaQhKrmb
دسته پلی استیشن,۴ ساعت پیش در شهرک استقلال,"۱,۵۰۰,۰۰۰ تومان",نیازمند تعمیر,gaQhaSHi,https://divar.ir/v/دسته پلی استیشن/gaQhaSHi
پلی استیشن ۵ فت ۱ترا کپی خور,در جنت‌آباد جنوبی,"۹۰,۰۰۰,۰۰۰ تومان",کارکرده,gaOZVqkt,https://divar.ir/v/پلی استیشن ۵ فت ۱ترا کپی خور/gaOZVqkt
Ps4 slim ۱ ترا دو دسته,۴ ساعت پیش در تهران‌ویلا,"۴۸,۰۰۰,۰۰۰ تومان",در حد نو,gaQdKo4Q,https://divar.ir/v/Ps4 slim ۱ ترا دو دسته/gaQdKo4Q
ps4 slim 1T کپی خور,در فردوسی,"۴۵,۹۵۰,۰۰۰ تومان",در حد نو,AaMGYl2N,https://divar.ir/v/ps4 slim 1T کپی خور/AaMGYl2N
ps5 slim 1tr,۵ ساعت پیش در شهرک شریعتی,"۱۱۸,۰۰۰,۰۰۰ تومان",نو,gaQJ6J9V,https://divar.ir/v/ps5 slim 1tr/gaQJ6J9V
وان پلی اتیلن حمام,۵ ساعت پیش در شهرک چیتگر,"۵,۰۰۰,۰۰۰ تومان",نو,gaQFqC4v,https://divar.ir/v/وان پلی اتیلن حمام/gaQFqC4v
ps4 اسلیم کپی خور ۱ترابایت,۵ ساعت پیش در پامنار,"۴۹,۰۰۰,۰۰۰ تومان",کارکرده,gaQBKtqJ,https://divar.ir/v/ps4 اسلیم کپی خور ۱ترابایت/gaQBKtqJ
پلیستیشن یک با ۱۲ تا بازی نو سونی یک . پلی وان,۵ ساعت پیش در شهرک فردوس (حسینی),"۳,۰۰۰,۰۰۰ تومان",در حد نو,gaQx5aZ5,https://divar.ir/v/پلیستیشن یک با ۱۲ تا بازی نو سونی یک . پلی وان/gaQx5aZ5
Ps5 slim 1 tr,۵ ساعت پیش در سلسبیل جنوبی,"۱۲۰,۰۰۰,۰۰۰ تومان",در حد نو,gaQlZ3Op,https://divar.ir/v/Ps5 slim 1 tr/gaQlZ3Op
PS1,۵ ساعت پیش در وحیدیه,"۴,۸۰۰,۰۰۰ تومان",کارکرده,gaQdZfCV,https://divar.ir/v/PS1/gaQdZfCV
PS4 slim 1tra HDR پی اس ۴ اسلیم ۱ترا کپی خور,۶ ساعت پیش در شهرک محلاتی,"۶۵,۰۰۰,۰۰۰ تومان",نو,gaQpITrj,https://divar.ir/v/PS4 slim 1tra HDR پی اس ۴ اسلیم ۱ترا کپی خور/gaQpITrj
Ps4 pro 1t // پی اس 4 پرو یک ترابایت // Ps4 pro 1t,در شیخ هادی,"۳۹,۰۰۰,۰۰۰ تومان",نو,gaCNnAKd,https://divar.ir/v/Ps4 pro 1t // پی اس 4 پرو یک ترابایت // Ps4 pro 1t/gaCNnAKd
پلی1 ps1)گیمx۴sاستیکproنصب۳۶۰بازیxboxفورoneپرو۵فت۲,در مسعودیه,"۲۰,۰۰۰ تومان",نو,QaQLL6uc,https://divar.ir/v/پلی1 ps1)گیمx۴sاستیکproنصب۳۶۰بازیxboxفورoneپرو۵فت۲/QaQLL6uc
پلیps1یکps2فورm22کپی5پروps3خور۴گیمm15استیکQ10فتone,در مسگرآباد,"۱,۰۰۰ تومان",نو,gadMswDC,https://divar.ir/v/پلیps1یکps2فورm22کپی5پروps3خور۴گیمm15استیکQ10فتone/gadMswDC
تعدادی Fat/Slim/Pro,در اقدسیه (شهرری),"۳۵,۰۰۰,۰۰۰ تومان",در حد نو,gavsKpt3,https://divar.ir/v/تعدادی Fat/Slim/Pro/gavsKpt3
دستگاه سونی,یک ربع پیش در نیکمرام,"۵۰,۰۰۰,۰۰۰ تومان",کارکرده,gaQRenhc,https://divar.ir/v/دستگاه سونی/gaQRenhc
سونی نو,۱۷ ساعت پیش در جانبازان,"۵,۰۰۰,۰۰۰ تومان",نو,gaP1_TYr,https://divar.ir/v/سونی نو/gaP1_TYr
پلی استیشن ۴ اسلیم 1TB کپیخور فول بازی (اقساطی),در رودباری,"۵۰,۰۰۰,۰۰۰ تومان",در حد نو,Qaqnx5p-,https://divar.ir/v/پلی استیشن ۴ اسلیم 1TB کپیخور فول بازی (اقساطی)/Qaqnx5p-
پلیستیشن 1,دیروز در پارک شهر,"۲,۶۰۰,۰۰۰ تومان",در حد نو,gaPNpOKz,https://divar.ir/v/پلیستیشن 1/gaPNpOKz
دسته بازی کامپیوتر و پلی استیشن,دیروز در کوی مهر,"۱,۰۰۰,۰۰۰ تومان",در حد نو,gaP1YNut,https://divar.ir/v/دسته بازی کامپیوتر و پلی استیشن/gaP1YNut
xbox one s,دیروز در جهاد,"۳۶,۵۰۰,۰۰۰ تومان",در حد نو,gaPxY1OP,https://divar.ir/v/xbox one s/gaPxY1OP
دستگاه psp,دیروز در بازار,"۵,۰۰۰,۰۰۰ تومان",در حد نو,gaPxYNef,https://divar.ir/v/دستگاه psp/gaPxYNef
پی اس 5دیجیتال 1ترابایت,دیروز در باهنر,"۸۵,۰۰۰,۰۰۰ تومان",در حد نو,gaPNohm_,https://divar.ir/v/پی اس 5دیجیتال 1ترابایت/gaPNohm_
PS4 1TRA,در دیانتی,"۴۶,۰۰۰,۰۰۰ تومان",در حد نو,gaJROD4n,https://divar.ir/v/PS4 1TRA/gaJROD4n
PS4 Slim 1T Full Game Copy Khor,در حاجی آباد,"۵۰,۵۰۰,۰۰۰ تومان",در حد نو,QamnyOeb,https://divar.ir/v/PS4 Slim 1T Full Game Copy Khor/QamnyOeb
PS4 Fat 1T کپی خور+پایه شارژر اورجینال شرکت سونی,در حاجی آباد,"۴۴,۵۰۰,۰۰۰ تومان",در حد نو,QazvGtrH,https://divar.ir/v/PS4 Fat 1T کپی خور+پایه شارژر اورجینال شرکت سونی/QazvGtrH
پلی استیشن ۴ ps4 اسلیم ۱ ترابایت ریجن ۲,دیروز در کوی حسینی,"۴۱,۵۹۰,۰۰۰ تومان",در حد نو,gaPJUHzd,https://divar.ir/v/پلی استیشن ۴ ps4 اسلیم ۱ ترابایت ریجن ۲/gaPJUHzd
PS4 Slim 1TB,دیروز در جانبازان,"۴۷,۰۰۰,۰۰۰ تومان",در حد نو,gaOxLx02,https://divar.ir/v/PS4 Slim 1TB/gaOxLx02
ps4 slim 1tra - کپی خور ورژن ۹,دیروز در حمیدیان,"۴۳,۰۰۰,۰۰۰ تومان",در حد نو,gaOpJuT9,https://divar.ir/v/ps4 slim 1tra - کپی خور ورژن ۹/gaOpJuT9
پلی استیشن ۴ اسلیم ۱ ترا.پایه شارژر+کیف+ فول گیم,دیروز در رودبارتان,"۴۵,۰۰۰,۰۰۰ تومان",در حد نو,gaOZnugh,https://divar.ir/v/پلی استیشن ۴ اسلیم ۱ ترا.پایه شارژر+کیف+ فول گیم/gaOZnugh
ps4 slim 1tra,پریروز در کوی مهر,"۴۹,۰۰۰,۰۰۰ تومان",در حد نو,gaN9Slbk,https://divar.ir/v/ps4 slim 1tra/gaN9Slbk
ps5 اسلیم استادارد 1 ترا کپی خور فول گیم,در پیرسرا,"۱۰۷,۰۰۰,۰۰۰ تومان",در حد نو,gaN5xKwP,https://divar.ir/v/ps5 اسلیم استادارد 1 ترا کپی خور فول گیم/gaN5xKwP
Ps4(fat)کپیخور1ترا,۳ روز پیش در شهرک آیت الله منتظری,"۴۵,۷۰۰,۰۰۰ تومان",کارکرده,gaM9MJpW,https://divar.ir/v/Ps4(fat)کپیخور1ترا/gaM9MJpW
پی اس ۴ کپی خور  اسلیم ۱ ترا بایت,۳ روز پیش در پیرسرا,"۴۶,۰۰۰,۰۰۰ تومان",در حد نو,gaMVcJd_,https://divar.ir/v/پی اس ۴ کپی خور  اسلیم ۱ ترا بایت/gaMVcJd_
Ps4 Pro 1T اکانتی و کپیخور,در استقامت ۱,"۵۳,۰۰۰,۰۰۰ تومان",در حد نو,gaWIhR3f,https://divar.ir/v/Ps4 Pro 1T اکانتی و کپیخور/gaWIhR3f
ps4 کپی خور دو دسته ۱ ترابایت,۳ روز پیش در کوی مهر,"۷۰,۰۰۰,۰۰۰ تومان",کارکرده,gaLJeJo-,https://divar.ir/v/ps4 کپی خور دو دسته ۱ ترابایت/gaLJeJo-
پی اس فایو دیجیتال دو دسته ۱ ترابایت اصلی,۴ روز پیش در کوی بیانی,"۱۰۰,۰۰۰,۰۰۰ تومان",در حد نو,gaLxZvg6,https://divar.ir/v/پی اس فایو دیجیتال دو دسته ۱ ترابایت اصلی/gaLxZvg6
پی اس فور اسلیم فلش خور ۱ ترا Ps4 slim,۴ روز پیش در چله خانه,"۴۶,۵۰۰,۰۰۰ تومان",در حد نو,gaLdpx5d,https://divar.ir/v/پی اس فور اسلیم فلش خور ۱ ترا Ps4 slim/gaLdpx5d
سونی1 پلی استیشن1 (آکبند) کادو بود *مموری کارت نو*,۴ روز پیش در پل تالشان,"۵,۵۰۰,۰۰۰ تومان",نو,gaKp_HFq,https://divar.ir/v/سونی1 پلی استیشن1 (آکبند) کادو بود *مموری کارت نو*/gaKp_HFq
آیفون 2022 2020 x xs xr xsmax se 11 خریدار و فروش,در ستارخان,"۵۰,۰۰۰,۰۰۰ تومان",کارکرده,gasQC_JJ,https://divar.ir/v/آیفون 2022 2020 x xs xr xsmax se 11 خریدار و فروش/gasQC_JJ
انواع گوشیهای آیفون ۱۵مکس ۱۵پرو ۱۵و ۱۶مکس ۱۶پرو ۱۶,در استاد معین,"۱۳۹,۰۰۰,۰۰۰ تومان",در حد نو,QacPyN3b,https://divar.ir/v/انواع گوشیهای آیفون ۱۵مکس ۱۵پرو ۱۵و ۱۶مکس ۱۶پرو ۱۶/QacPyN3b
11 normal,در سیمای ایران,"۱۵,۰۰۰,۰۰۰ تومان",کارکرده,gaQhN7ay,https://divar.ir/v/11 normal/gaQhN7ay
Iphone 11 normal za 128,دقایقی پیش در امام زاده عبدالله,"۵۱,۰۰۰,۰۰۰ تومان",در حد نو,gaQx-F6k,https://divar.ir/v/Iphone 11 normal za 128/gaQx-F6k
آیفون 11 128 دو سیم زیر قیمت,یک ربع پیش در شهید رجایی,"۴۷,۵۰۰,۰۰۰ تومان",در حد نو,gaQpehMs,https://divar.ir/v/آیفون 11 128 دو سیم زیر قیمت/gaQpehMs
iPhone 11 نرمال,یک ربع پیش در زهتابی,"۳۷,۵۰۰,۰۰۰ تومان",در حد نو,gaQleUqE,https://divar.ir/v/iPhone 11 نرمال/gaQleUqE
iPhone 11 pro max,یک ربع پیش در میرداماد,"۲۵,۰۰۰,۰۰۰ تومان",کارکرده,gaQhetCZ,https://divar.ir/v/iPhone 11 pro max/gaQhetCZ
ایفون ۱۱ پرو بدون ریجستر,نیم ساعت پیش در مولوی,"۳۳,۰۰۰,۰۰۰ تومان",نو,gaQZe5K4,https://divar.ir/v/ایفون ۱۱ پرو بدون ریجستر/gaQZe5K4
آیفون 11 نرمال اقساط بدون چک,در هروی,"۱۲,۰۰۰,۰۰۰ تومان",در حد نو,AamrCx5v,https://divar.ir/v/آیفون 11 نرمال اقساط بدون چک/AamrCx5v
ایفون ۱۱ پرومکس ۲۵۶ رزگلد ۲ سیم کارت فعال,نیم ساعت پیش در زنجان جنوبی,"۴۹,۵۵۰,۰۰۰ تومان",در حد نو,gaQR-9p8,https://divar.ir/v/ایفون ۱۱ پرومکس ۲۵۶ رزگلد ۲ سیم کارت فعال/gaQR-9p8
اپل iPhone 11 نرمال از خارج آوردم ریجستر شده,۱ ساعت پیش در فردوس,"۴۰,۰۰۰,۰۰۰ تومان",در حد نو,gaQBeP4G,https://divar.ir/v/اپل iPhone 11 نرمال از خارج آوردم ریجستر شده/gaQBeP4G
ایفون 11 بدونه ریجستر با کارتون,در قصر فیروزه ۲,"۲۹,۵۰۰,۰۰۰ تومان",کارکرده,gaJlnf_W,https://divar.ir/v/ایفون 11 بدونه ریجستر با کارتون/gaJlnf_W
۱۱ نرمال,در سیمای ایران,"۱۵,۰۰۰,۰۰۰ تومان",نو,QaPSBE8M,https://divar.ir/v/۱۱ نرمال/QaPSBE8M
ایفون ۱۱ پرو اقساطی بدون نیاز به چک و ضامن,در شهرک غرب,"۱۸,۰۰۰,۰۰۰ تومان",نو,gaQl9zIJ,https://divar.ir/v/ایفون ۱۱ پرو اقساطی بدون نیاز به چک و ضامن/gaQl9zIJ
آیفون ۱۱ نرمال اقساط ویژه,در هروی,"۱۳,۰۰۰,۰۰۰ تومان",نو,gaMROvfo,https://divar.ir/v/آیفون ۱۱ نرمال اقساط ویژه/gaMROvfo
آیفون ۱۱ حافظه ۱۲۸ گیگابایت,در سیمای ایران,"۱۹,۰۰۰,۰۰۰ تومان",در حد نو,gaQVtpWE,https://divar.ir/v/آیفون ۱۱ حافظه ۱۲۸ گیگابایت/gaQVtpWE
۱۱نرمال اقساطی,در سیمای ایران,"۱۸,۰۰۰,۰۰۰ تومان",نو,gaOB1UVb,https://divar.ir/v/۱۱نرمال اقساطی/gaOB1UVb
۱۱ مکس ۲۵۶,در سیمای ایران,"۲۰,۰۰۰,۰۰۰ تومان",کارکرده,gaeM-vq6,https://divar.ir/v/۱۱ مکس ۲۵۶/gaeM-vq6
آیفون ۱۱ پرو اقساطی,در شهرک پردیسان,"۱۶,۰۰۰,۰۰۰ تومان",در حد نو,Qak7Ztqq,https://divar.ir/v/آیفون ۱۱ پرو اقساطی/Qak7Ztqq
ایفون ۱۱ پرو,۲ ساعت پیش در تهرانپارس شرقی,"۴۱,۰۰۰,۰۰۰ تومان",کارکرده,gaQ1MxnJ,https://divar.ir/v/ایفون ۱۱ پرو/gaQ1MxnJ
آیفون 11 Pro Max اقساطی,در سیمای ایران,"۱۶,۰۰۰,۰۰۰ تومان",کارکرده,gauwdmD7,https://divar.ir/v/آیفون 11 Pro Max اقساطی/gauwdmD7
ایفون 11پرومکس سری M,۲ ساعت پیش در پردیسان,"۶۰,۰۰۰,۰۰۰ تومان",در حد نو,gaQpMzEm,https://divar.ir/v/ایفون 11پرومکس سری M/gaQpMzEm
ایفون ۱۱ نرمال دو سیم,۲ ساعت پیش در ستارخان,"۴۵,۰۰۰,۰۰۰ تومان",در حد نو,gaQp8gyI,https://divar.ir/v/ایفون ۱۱ نرمال دو سیم/gaQp8gyI
آیفون ۱۱,۳ ساعت پیش در خواجه نظام الملک,"۴۵,۰۰۰,۰۰۰ تومان",کارکرده,gaQZsbk9,https://divar.ir/v/آیفون ۱۱/gaQZsbk9
ایفون ۱۱ نرمال,۳ ساعت پیش در منیریه,"۳۵,۰۰۰,۰۰۰ تومان",در حد نو,gaQ9rTWp,https://divar.ir/v/ایفون ۱۱ نرمال/gaQ9rTWp
آیفون ۱۱ نرمال ۱۲۸ گیگ,در شهرک پردیسان,"۱۲,۰۰۰,۰۰۰ تومان",در حد نو,QaUKClU_,https://divar.ir/v/آیفون ۱۱ نرمال ۱۲۸ گیگ/QaUKClU_
